"0","ggplot(data = map_pop_2020, aes(x = long, y = lat, group = group, fill = Pop)) +"
"0","  geom_polygon(color = ""black"", size = 0.1) +  "
"0","  scale_fill_viridis_c(name = ""Population (in 000s)"", na.value = ""grey90"", "
"0","                        breaks = breaks, labels = labels, limits = c(0, max(breaks))) +  "
"0","  labs(title = ""World Population Distribution (2020)"") +  "
"0","  theme_dark() +  # Set the background to black"
"0","  theme(plot.title = element_text(size = 16, hjust = 0.5, color = ""white""),  # White text for plot title"
"0","        legend.position = ""bottom"",  # Position legend at the bottom"
"0","        legend.title = element_text(size = 12, color = ""white""),  # White text for legend title"
"0","        legend.text = element_text(size = 10, color = ""white""),  # White text for legend"
"0","        legend.key.width = unit(2.5, ""cm""),  # Increase legend key width for better display"
"0","        axis.text = element_text(color = ""white""),  # White text for axis labels"
"0","        axis.title = element_text(color = ""white""))  # White text for axis titles"
"2","Error: object 'map_pop_2020' not found
"
